ticker,market_cap,avg_volume_3m,crit6_liquidity
ABBV,462260210583.14996,5014900.0,True
ADI,192231965620.15,3707363.492063492,True
AEHR,3253543972.52,2847687.301587302,True
ALNT,1896810739.1999998,251280.95238095237,False
AME,56794887976.119995,1273982.5396825396,True
APH,207881010850.19998,12626185.714285715,True
APPS,1343280375.0,3364276.1904761903,True
ARW,11555531021.0,562593.6507936508,False
AVT,8203194251.05,1205917.4603174604,True
BATRA,3723663062.91,66442.85714285714,False
BIIB,33374673068.239998,1072063.492063492,True
CNK,4323512191.5,2446207.9365079366,True
CNXN,2277233672.77,145574.60317460317,False
CRSR,1460388946.5,1570941.2698412698,True
DDOG,98332695322.40001,4269558.73015873,True
DIOD,4457344526.950001,565374.6031746032,False
DJCO,890460141.44,58253.968253968254,False
EXEL,14472928629.72,2360482.5396825396,True
FSLY,4089231000.0000005,6388452.380952381,True
GTES,6632560654.0,1853034.9206349207,True
HPE,84811724730.31,20084631.746031746,True
KN,3172993610.9,826852.380952381,False
LFUS,10762465053.78,290434.92063492065,False
LITE,87122022000.0,4613139.682539683,True
LQDT,1341933198.94,215884.12698412698,False
LRCX,411105417160.62,10005874.603174603,True
LTC,2310931485.81,573874.6031746032,False
NDSN,18267129251.800003,372898.4126984127,False
NET,123659363425.2,3400146.0317460317,True
NVAX,1783063298.0600002,4486011.111111111,True
NVDA,5514691860000.0,123501571.42857143,True
PLUS,2348398524.1800003,231665.07936507938,False
PLXS,6954865234.049999,264038.09523809527,False
PWR,96597133436.43,1031766.6666666666,True
QRVO,10099612545.84,1217685.7142857143,True
SANM,11518607777.96,700214.2857142857,False
SCSC,1182987348.76,254482.53968253967,False
SEI,4685889017.200001,3079580.9523809524,True
TARS,3678294593.68,961188.8888888889,False
TH,1931176129.28,1560034.9206349207,True
TITN,543139262.76,226395.2380952381,False
UMAC,1222935242.4,3689449.206349206,True
VIAV,10343752789.76,4973990.476190476,True
VSXY,7055926889.94,1761326.9841269841,True
WCC,17523846969.86,610093.6507936508,False
WEST,784924191.4799999,400342.85714285716,False
