ticker,crit5_vcp,range_contracting,volume_contracting,weekly_ranges,weekly_volumes,n_complete_weeks_available
A,False,False,False,"[12.240005493164062, 17.69000244140625]","[13578600.0, 15366600.0]",2
ACMR,False,False,False,"[6.660003662109375, 12.169998168945312]","[5282900.0, 7827500.0]",2
ADPT,True,True,True,"[4.754999160766602, 3.226999282836914]","[17145300.0, 11833500.0]",2
AEHR,True,False,True,"[12.950004577636719, 13.200004577636719]","[11877500.0, 11283400.0]",2
ALAB,True,False,True,"[52.32501220703125, 69.52999877929688]","[24329200.0, 21378600.0]",2
ALNT,False,False,False,"[11.610000610351562, 14.830001831054688]","[864400.0, 1227900.0]",2
AMD,True,True,False,"[79.57998657226562, 56.72998046875]","[124593800.0, 132066300.0]",2
AME,True,False,True,"[8.312686866574126, 15.020004272460938]","[8015600.0, 7523900.0]",2
AMG,True,False,True,"[18.52001953125, 23.790008544921875]","[1606300.0, 1396500.0]",2
AMN,True,True,True,"[2.0800018310546875, 1.5800018310546875]","[3916500.0, 2557700.0]",2
AMRX,True,True,True,"[2.6200008392333984, 2.4399986267089844]","[17944600.0, 16551300.0]",2
APH,True,False,True,"[4.852473191350725, 6.252155520914187]","[68094700.0, 59747600.0]",2
APPS,False,False,False,"[1.489999771118164, 1.9200000762939453]","[13161100.0, 16259300.0]",2
AVT,True,False,True,"[5.599998474121094, 9.529998779296875]","[8229900.0, 6820000.0]",2
BATRA,True,False,True,"[1.9199981689453125, 3.0300025939941406]","[352100.0, 266800.0]",2
BATRK,False,False,False,"[2.1850013732910156, 3.4399986267089844]","[2418700.0, 2607000.0]",2
BBY,True,False,True,"[6.260059339941634, 7.900001525878906]","[21510400.0, 15932000.0]",2
BCML,False,False,False,"[0.9099998474121094, 1.6400012969970703]","[272500.0, 314400.0]",2
BFLY,False,False,False,"[1.1299996376037598, 2.2210001945495605]","[26822600.0, 40839300.0]",2
BHE,False,False,False,"[5.5886102268883775, 9.919771140375687]","[1797400.0, 2647700.0]",2
BIIB,False,False,False,"[8.710006713867188, 14.600006103515625]","[5463800.0, 5527100.0]",2
CEVA,False,False,False,"[3.490001678466797, 5.420001983642578]","[3037400.0, 3247200.0]",2
CGNX,False,False,False,"[4.209999084472656, 6.290000915527344]","[8009100.0, 8806600.0]",2
CMDB,True,False,True,"[1.8500003814697266, 2.739999771118164]","[335100.0, 301700.0]",2
COHR,True,True,True,"[52.96002197265625, 42.65997314453125]","[38543100.0, 30448700.0]",2
CON,True,True,True,"[2.1899986267089844, 1.1899986267089844]","[9000700.0, 3652700.0]",2
CRSR,True,True,True,"[1.109999656677246, 0.8999996185302734]","[5658800.0, 5351300.0]",2
CRWD,True,True,True,"[34.27000427246094, 33.019989013671875]","[86167500.0, 51557800.0]",2
CTKB,True,True,False,"[0.744999885559082, 0.6500000953674316]","[8158500.0, 9385100.0]",2
CYRX,True,True,True,"[1.7300004959106445, 0.9799995422363281]","[3362800.0, 3342200.0]",2
DAL,True,False,True,"[3.4800033569335938, 5.620002746582031]","[49522800.0, 37805300.0]",2
DDOG,True,False,True,"[18.324996948242188, 53.86701965332031]","[17701500.0, 17439800.0]",2
DELL,True,True,True,"[69.6600341796875, 61.989990234375]","[53202300.0, 42463300.0]",2
DIOD,True,False,True,"[6.650001525878906, 8.350006103515625]","[2953800.0, 2832600.0]",2
DJCO,True,True,True,"[44.30999755859375, 33.02001953125]","[414600.0, 261100.0]",2
DOCN,True,False,True,"[22.660003662109375, 22.800003051757812]","[19113600.0, 13218900.0]",2
EMR,True,False,True,"[5.5900115966796875, 10.17999267578125]","[12628000.0, 10721400.0]",2
ETN,True,True,True,"[38.339996337890625, 21.269989013671875]","[14903100.0, 8635700.0]",2
FAST,False,False,False,"[1.2099990844726562, 2.8800010681152344]","[34697000.0, 36255400.0]",2
FEIM,True,True,True,"[7.010002136230469, 6.900001525878906]","[2330300.0, 1726500.0]",2
FFIV,True,True,True,"[34.879974365234375, 29.94000244140625]","[3666200.0, 2576400.0]",2
FROG,True,True,True,"[10.360000610351562, 8.5]","[8484600.0, 8382100.0]",2
FSLY,False,False,False,"[3.0, 7.625]","[30395800.0, 82252600.0]",2
FTNT,True,True,True,"[16.020004272460938, 13.959991455078125]","[32434100.0, 16968400.0]",2
FTRE,True,True,True,"[4.130001068115234, 1.4599990844726562]","[12025800.0, 5562900.0]",2
GEV,True,True,True,"[103.09002685546875, 43.81494140625]","[16251800.0, 9470300.0]",2
GNK,True,False,True,"[2.3500003814697266, 2.5]","[3826500.0, 2277300.0]",2
HPE,True,True,True,"[7.258812369711741, 5.350002288818359]","[130868700.0, 89249000.0]",2
IBRX,True,False,True,"[1.0399999618530273, 1.2199993133544922]","[64900800.0, 62125300.0]",2
IDT,True,False,True,"[4.149993896484375, 4.160003662109375]","[2025100.0, 1537500.0]",2
IEX,False,False,False,"[6.4199981689453125, 11.019989013671875]","[2966000.0, 3217000.0]",2
ILMN,True,True,True,"[47.239990234375, 43.3800048828125]","[44841900.0, 16639600.0]",2
INTC,True,True,True,"[16.850006103515625, 12.510002136230469]","[626105300.0, 602664000.0]",2
JAKK,True,False,True,"[1.1599998474121094, 1.4300003051757812]","[285800.0, 190400.0]",2
KMTS,True,True,True,"[3.878000259399414, 3.5400009155273438]","[3991900.0, 1294200.0]",2
KOPN,True,True,True,"[0.7699999809265137, 0.48000001907348633]","[23611300.0, 13866400.0]",2
LAUR,True,False,True,"[1.5, 2.8400001525878906]","[5442400.0, 4136300.0]",2
LGND,False,False,False,"[16.370025634765625, 22.899993896484375]","[1259600.0, 1303300.0]",2
LITE,True,True,True,"[119.489990234375, 90.0]","[28457900.0, 19844100.0]",2
LQDT,True,True,True,"[1.69000244140625, 1.6699981689453125]","[1438100.0, 962300.0]",2
LSCC,True,False,True,"[9.69000244140625, 17.099998474121094]","[12094400.0, 8476000.0]",2
LTC,True,False,True,"[1.4634862689690848, 1.6163655640667258]","[4179300.0, 3029200.0]",2
MPWR,True,False,True,"[87.55074186709362, 169.9690027294189]","[4543300.0, 4360600.0]",2
MSGE,True,True,True,"[5.489997863769531, 5.060005187988281]","[3920400.0, 2187500.0]",2
MTD,True,True,True,"[148.9100341796875, 144.9100341796875]","[1605700.0, 1100000.0]",2
MTRN,True,True,True,"[25.040008544921875, 19.970001220703125]","[1495300.0, 988400.0]",2
MU,True,True,True,"[113.84002685546875, 78.699951171875]","[125684700.0, 121954700.0]",2
NAT,True,True,True,"[1.0299997329711914, 0.9000000953674316]","[28764400.0, 27840700.0]",2
NDSN,True,False,True,"[9.69000244140625, 16.20001220703125]","[2402600.0, 1547100.0]",2
NET,True,False,True,"[29.0, 45.579986572265625]","[17516100.0, 16447500.0]",2
NRC,True,False,True,"[1.9049060056956293, 2.236350021038451]","[718200.0, 647300.0]",2
NTCT,True,True,True,"[2.3199996948242188, 1.6100006103515625]","[4400600.0, 2386100.0]",2
NTRA,True,False,True,"[42.53900146484375, 51.790008544921875]","[10527400.0, 8799200.0]",2
NUTX,True,True,True,"[26.0, 23.75]","[872500.0, 730000.0]",2
NVAX,True,True,True,"[1.239999771118164, 0.9400005340576172]","[29557400.0, 27740500.0]",2
NVDA,True,True,True,"[13.800003051757812, 8.889999389648438]","[601369200.0, 462517700.0]",2
NVEC,False,False,False,"[7.25, 10.94000244140625]","[508500.0, 546500.0]",2
NVT,True,True,True,"[14.80999755859375, 7.279998779296875]","[12778700.0, 7888100.0]",2
NXDR,True,False,True,"[0.2820000648498535, 0.32000017166137695]","[16095200.0, 12928400.0]",2
OSUR,True,False,True,"[0.3599998950958252, 0.5499999523162842]","[4354300.0, 2862900.0]",2
OUST,False,False,False,"[3.8269996643066406, 7.979999542236328]","[10693200.0, 13206200.0]",2
PANW,True,True,True,"[42.8699951171875, 38.709991455078125]","[43837600.0, 28607100.0]",2
PDFS,True,False,True,"[4.490001678466797, 5.159999847412109]","[3837600.0, 2340400.0]",2
PENG,True,True,False,"[7.310001373291016, 6.189998626708984]","[7381000.0, 7773800.0]",2
PGEN,True,True,True,"[1.2799997329711914, 1.080000400543213]","[32771100.0, 25307400.0]",2
PK,True,True,True,"[0.8166724338049587, 0.5706875787698102]","[19155000.0, 12623200.0]",2
PLUS,True,True,True,"[4.5500030517578125, 4.410003662109375]","[1972400.0, 875500.0]",2
POWW,True,False,True,"[0.09000015258789062, 0.2200000286102295]","[3592300.0, 2430600.0]",2
PRLB,True,False,True,"[9.910003662109375, 10.319999694824219]","[1566100.0, 1348300.0]",2
QRVO,True,True,True,"[12.920005798339844, 5.549995422363281]","[10527600.0, 5520200.0]",2
RUSHB,True,True,True,"[8.200000762939453, 3.049999237060547]","[3267500.0, 491700.0]",2
RVTY,True,True,True,"[25.57000732421875, 12.17999267578125]","[15068600.0, 11658000.0]",2
SANM,False,False,False,"[16.919998168945312, 37.75999450683594]","[2959100.0, 3610100.0]",2
SEI,True,True,True,"[9.868974015912947, 7.6699981689453125]","[16876800.0, 10461200.0]",2
SFL,True,False,True,"[1.0599994659423828, 1.2799997329711914]","[8741800.0, 8300600.0]",2
SIG,True,True,True,"[7.400001525878906, 5.489997863769531]","[6208200.0, 3866900.0]",2
SITM,True,False,True,"[80.45001220703125, 91.32794189453125]","[3159000.0, 2531900.0]",2
SNDK,True,True,True,"[292.800048828125, 183.0899658203125]","[50148700.0, 46675300.0]",2
SNX,False,False,False,"[10.989990234375, 55.739990234375]","[5460300.0, 9859700.0]",2
SONO,True,False,True,"[1.1900005340576172, 2.479999542236328]","[13738900.0, 9298700.0]",2
STNG,True,False,True,"[6.019996643066406, 9.819999694824219]","[6250000.0, 5134600.0]",2
TH,True,True,True,"[2.989999771118164, 1.2000007629394531]","[13099700.0, 9812400.0]",2
TITN,True,True,True,"[2.0699996948242188, 1.510000228881836]","[1218100.0, 778600.0]",2
TMO,True,True,True,"[58.38384942377468, 33.8599853515625]","[15952700.0, 10949600.0]",2
TRNS,True,True,False,"[7.040000915527344, 6.790000915527344]","[559400.0, 601700.0]",2
TXN,True,False,True,"[11.5, 16.470001220703125]","[40487600.0, 29055800.0]",2
UTHR,True,False,True,"[16.5, 31.079986572265625]","[5654000.0, 3263400.0]",2
VSXY,True,False,True,"[6.05999755859375, 7.0200042724609375]","[11064600.0, 6135600.0]",2
VTRS,True,False,True,"[0.9300003051757812, 1.1099987030029297]","[45180900.0, 42933900.0]",2
W,True,False,True,"[10.040000915527344, 12.830001831054688]","[13856500.0, 12237700.0]",2
WAT,True,True,True,"[29.649993896484375, 18.339996337890625]","[3988600.0, 3868200.0]",2
WCC,True,False,True,"[14.90997314453125, 26.29998779296875]","[2456700.0, 1990700.0]",2
WRBY,False,False,False,"[3.520000457763672, 4.540000915527344]","[16662500.0, 22827900.0]",2
WTBA,True,False,True,"[0.8799991607666016, 1.0900001525878906]","[338900.0, 203000.0]",2
XERS,True,False,True,"[0.8400001525878906, 1.0399999618530273]","[12272700.0, 9868500.0]",2
XMTR,True,True,False,"[16.31999969482422, 11.769996643066406]","[5670500.0, 5702200.0]",2
